﻿<?xml version="1.0" encoding="utf-8" ?>
<c2eventsheet>
    <!--All the 'name' attributes are ignored by Construct 2 - they are there for readability only.-->
    <name>Event sheet 1</name>
    <events>
        <variable constant="0" name="music" sid="517474384575420" static="0" type="number">0</variable>
        <variable constant="0" name="cenario" sid="278492196448108" static="0" type="number">0</variable>
        <variable constant="0" name="contadorMoeda" sid="726467169021781" static="0" type="number">0</variable>
        <variable constant="0" name="contador" sid="790904533244122" static="0" type="number">60</variable>
        <event-block sid="939003808157093">
            <conditions>
                <condition id="-14" name="Compare variable" sid="265092713323888" type="System">
                    <param id="0" name="Variable">music</param>
                    <param id="1" name="Comparison">0</param>
                    <param id="2" name="Value">0</param>
                </condition>
            </conditions>
            <actions>
                <action id="0" name="Play" sid="201851826785384" type="Audio">
                    <param id="0" name="Audio file">Ilha Magnética[3]</param>
                    <param id="2" name="Loop">0</param>
                    <param id="3" name="Volume">-20</param>
                    <param id="1" name="Tag (optional)">&quot;&quot;</param>
                </action>
                <action id="-9" name="Set value" sid="968987795395994" type="System">
                    <param id="0" name="Variable">music</param>
                    <param id="1" name="Value">1</param>
                </action>
            </actions>
        </event-block>
        <event-block sid="113344756358785">
            <conditions>
                <condition id="-12" name="Repeat" sid="904034465732799" type="System">
                    <param id="0" name="Count">LayoutName=&quot;Capa&quot;</param>
                </condition>
            </conditions>
            <actions>
                <action id="-16" name="Wait" sid="840875287437770" type="System">
                    <param id="0" name="Seconds">3</param>
                </action>
                <action id="-2" name="Go to layout" sid="521009549438582" type="System">
                    <param id="0" name="Layout">Menu</param>
                </action>
            </actions>
        </event-block>
        <event-block sid="212002830115401">
            <conditions>
                <condition id="6" name="On object clicked" sid="213306601565177" type="Mouse">
                    <param id="0" name="Mouse button">0</param>
                    <param id="1" name="Click type">0</param>
                    <param id="2" name="Object clicked">jogar_b</param>
                </condition>
            </conditions>
            <actions>
                <action id="-2" name="Go to layout" sid="275655180754808" type="System">
                    <param id="0" name="Layout">Story</param>
                </action>
            </actions>
        </event-block>
        <event-block sid="592642294883396">
            <conditions>
                <condition id="6" name="On object clicked" sid="233361928657149" type="Mouse">
                    <param id="0" name="Mouse button">0</param>
                    <param id="1" name="Click type">0</param>
                    <param id="2" name="Object clicked">sair_b</param>
                </condition>
            </conditions>
            <actions>
                <action id="-2" name="Go to layout" sid="592928723348604" type="System">
                    <param id="0" name="Layout">Capa</param>
                </action>
            </actions>
        </event-block>
        <event-block sid="526882016228067">
            <conditions>
                <condition id="6" name="On object clicked" sid="111794251521309" type="Mouse">
                    <param id="0" name="Mouse button">0</param>
                    <param id="1" name="Click type">0</param>
                    <param id="2" name="Object clicked">Sprite19</param>
                </condition>
            </conditions>
            <actions>
                <action id="-2" name="Go to layout" sid="553621856356669" type="System">
                    <param id="0" name="Layout">centro historico</param>
                </action>
            </actions>
        </event-block>
        <event-group description="" sid="300816954424329" title="Contador_Moeda">
            <sub-events>
                <event-block sid="484797486048413">
                    <conditions>
                        <condition id="-2" name="On start of layout" sid="479866214659896" type="System" />
                    </conditions>
                    <actions>
                        <action id="0" name="Set text" sid="202469375704652" type="Text">
                            <param id="0" name="Text">contador</param>
                        </action>
                        <action id="0" name="Set text" sid="991983520604565" type="Text2">
                            <param id="0" name="Text">contadorMoeda</param>
                        </action>
                    </actions>
                </event-block>
                <event-block sid="255664367623180">
                    <conditions>
                        <condition id="-6" name="Every X seconds" sid="829347381175813" type="System">
                            <param id="0" name="Interval (seconds)">1</param>
                        </condition>
                    </conditions>
                    <actions>
                        <action id="-11" name="Subtract from" sid="986554920501999" type="System">
                            <param id="0" name="Variable">contador</param>
                            <param id="1" name="Value">1</param>
                        </action>
                        <action id="0" name="Set text" sid="260971537092742" type="Text">
                            <param id="0" name="Text">contador</param>
                        </action>
                    </actions>
                </event-block>
                <event-block sid="755464437039040">
                    <conditions>
                        <condition id="-14" name="Compare variable" sid="525593674711841" type="System">
                            <param id="0" name="Variable">contador</param>
                            <param id="1" name="Comparison">0</param>
                            <param id="2" name="Value">0</param>
                        </condition>
                    </conditions>
                    <actions>
                        <action id="-26" name="Restart layout" sid="360823389620857" type="System" />
                        <action id="-9" name="Set value" sid="951221035470997" type="System">
                            <param id="0" name="Variable">contador</param>
                            <param id="1" name="Value">60</param>
                        </action>
                        <action id="0" name="Set text" sid="898961371463995" type="Text">
                            <param id="0" name="Text">contador</param>
                        </action>
                    </actions>
                </event-block>
            </sub-events>
        </event-group>
        <event-group description="" sid="691467283762149" title="Jogador">
            <sub-events>
                <event-block sid="362250112081717">
                    <conditions>
                        <condition id="2" name="Key is down" sid="992712575563453" type="Keyboard">
                            <param id="0" name="Key">37</param>
                        </condition>
                    </conditions>
                    <actions>
                        <action id="7" name="Set mirrored" sid="501874572059587" type="player">
                            <param id="0" name="State">0</param>
                        </action>
                    </actions>
                </event-block>
                <event-block sid="696218599128511">
                    <conditions>
                        <condition id="2" name="Key is down" sid="546769986050614" type="Keyboard">
                            <param id="0" name="Key">39</param>
                        </condition>
                    </conditions>
                    <actions>
                        <action id="7" name="Set mirrored" sid="790899242972850" type="player">
                            <param id="0" name="State">1</param>
                        </action>
                    </actions>
                </event-block>
                <event-block sid="318636159232154">
                    <conditions>
                        <condition behavior="Platform" id="7" name="On stopped" sid="339660058693673" type="player" />
                    </conditions>
                    <actions>
                        <action id="4" name="Set animation" sid="571889715331788" type="player">
                            <param id="0" name="Animation">&quot;stop&quot;</param>
                            <param id="1" name="From">1</param>
                        </action>
                    </actions>
                </event-block>
                <event-block sid="454112390925338">
                    <conditions>
                        <condition behavior="Platform" id="0" name="Is moving" sid="517827519599927" type="player" />
                    </conditions>
                    <actions>
                        <action id="4" name="Set animation" sid="979601648854635" type="player">
                            <param id="0" name="Animation">&quot;Default&quot;</param>
                            <param id="1" name="From">1</param>
                        </action>
                    </actions>
                </event-block>
                <event-block sid="846454707609571">
                    <conditions>
                        <condition behavior="Platform" id="0" inverted="1" name="Is moving" sid="278519560027178" type="player" />
                    </conditions>
                    <actions>
                        <action id="4" name="Set animation" sid="669029290309766" type="player">
                            <param id="0" name="Animation">&quot;stop&quot;</param>
                            <param id="1" name="From">1</param>
                        </action>
                    </actions>
                </event-block>
            </sub-events>
        </event-group>
        <event-group description="" sid="440487717891266" title="Magnet">
            <sub-events>
                <event-block sid="117458929571070">
                    <conditions>
                        <condition id="0" name="On collision with another object" sid="585106066454301" type="Magnet">
                            <param id="0" name="Object">player</param>
                        </condition>
                    </conditions>
                    <actions>
                        <action id="-9" name="Destroy" sid="674207712893447" type="Magnet" />
                    </actions>
                </event-block>
                <event-block sid="886878630684626">
                    <conditions>
                        <condition behavior="LineOfSight" id="0" name="Has LOS to object" sid="394638961313673" type="coin">
                            <param id="0" name="Object">player</param>
                        </condition>
                    </conditions>
                    <actions>
                        <action id="-13" name="Set boolean" sid="902280315069247" type="coin">
                            <param id="0" name="Instance variable">Is_Magnet</param>
                            <param id="1" name="Value">1</param>
                        </action>
                        <action id="-16" name="Wait" sid="676385877811253" type="System">
                            <param id="0" name="Seconds">2</param>
                        </action>
                        <action id="-13" name="Set boolean" sid="264610128194672" type="coin">
                            <param id="0" name="Instance variable">Is_Magnet</param>
                            <param id="1" name="Value">0</param>
                        </action>
                    </actions>
                </event-block>
                <event-block sid="159580488031357">
                    <conditions>
                        <condition id="-8" name="Is boolean instance variable set" sid="949699109519349" type="coin">
                            <param id="0" name="Instance variable">Is_Magnet</param>
                        </condition>
                    </conditions>
                    <actions>
                        <action id="-3" name="Set position" sid="952822505331446" type="coin">
                            <param id="0" name="X">lerp(Self.X,Player.X,0.1)</param>
                            <param id="1" name="Y">lerp(Self.Y,Player.Y,0.1)</param>
                        </action>
                    </actions>
                </event-block>
                <event-block sid="891158957713412">
                    <conditions>
                        <condition id="0" name="On collision with another object" sid="618497972735839" type="coin">
                            <param id="0" name="Object">player</param>
                        </condition>
                    </conditions>
                    <actions>
                        <action id="-9" name="Destroy" sid="541732030752355" type="coin" />
                        <action id="-10" name="Add to" sid="774482141223486" type="System">
                            <param id="0" name="Variable">contadorMoeda</param>
                            <param id="1" name="Value">1</param>
                        </action>
                        <action id="0" name="Set text" sid="148118059659431" type="Text2">
                            <param id="0" name="Text">contadorMoeda</param>
                        </action>
                    </actions>
                </event-block>
                <event-block sid="993109723051213">
                    <conditions>
                        <condition id="0" name="On collision with another object" sid="339321725351606" type="moeda2">
                            <param id="0" name="Object">player</param>
                        </condition>
                    </conditions>
                    <actions>
                        <action id="-9" name="Destroy" sid="535198697696131" type="moeda2" />
                        <action id="-10" name="Add to" sid="633426568439141" type="System">
                            <param id="0" name="Variable">contadorMoeda</param>
                            <param id="1" name="Value">1</param>
                        </action>
                        <action id="0" name="Set text" sid="224860412278423" type="Text2">
                            <param id="0" name="Text">contadorMoeda</param>
                        </action>
                    </actions>
                </event-block>
            </sub-events>
        </event-group>
        <event-block sid="232819835762526">
            <conditions>
                <condition id="0" name="On collision with another object" sid="926253856486033" type="Sprite11">
                    <param id="0" name="Object">player</param>
                </condition>
            </conditions>
            <actions>
                <action id="-2" name="Go to layout" sid="321312753813590" type="System">
                    <param id="0" name="Layout">cenario opaco</param>
                </action>
            </actions>
        </event-block>
        <event-block sid="240065128699902">
            <conditions>
                <condition id="6" name="On object clicked" sid="181389745082778" type="Mouse">
                    <param id="0" name="Mouse button">0</param>
                    <param id="1" name="Click type">0</param>
                    <param id="2" name="Object clicked">Sprite13</param>
                </condition>
            </conditions>
            <actions>
                <action id="-2" name="Go to layout" sid="188662628401487" type="System">
                    <param id="0" name="Layout">cenario lito</param>
                </action>
                <action id="-9" name="Set value" sid="686889998476463" type="System">
                    <param id="0" name="Variable">contador</param>
                    <param id="1" name="Value">60</param>
                </action>
                <action id="0" name="Set text" sid="764058558470207" type="Text">
                    <param id="0" name="Text">contador</param>
                </action>
                <action id="33" name="Stop all" sid="262030265806302" type="Audio" />
                <action id="0" name="Play" sid="488580885267289" type="Audio">
                    <param id="0" name="Audio file">Papete   De Cajari pra Capital</param>
                    <param id="2" name="Loop">0</param>
                    <param id="3" name="Volume">0</param>
                    <param id="1" name="Tag (optional)">&quot;&quot;</param>
                </action>
            </actions>
        </event-block>
        <event-block sid="985228272315921">
            <conditions>
                <condition id="6" name="On object clicked" sid="159955805807005" type="Mouse">
                    <param id="0" name="Mouse button">0</param>
                    <param id="1" name="Click type">0</param>
                    <param id="2" name="Object clicked">Sprite16</param>
                </condition>
            </conditions>
            <actions>
                <action id="-2" name="Go to layout" sid="453228762121649" type="System">
                    <param id="0" name="Layout">Menu</param>
                </action>
            </actions>
        </event-block>
        <event-block sid="336461840376565">
            <conditions>
                <condition id="0" name="On collision with another object" sid="375964300638949" type="perg">
                    <param id="0" name="Object">player</param>
                </condition>
            </conditions>
            <actions>
                <action id="-2" name="Go to layout" sid="335266117004646" type="System">
                    <param id="0" name="Layout">cenario opaco2</param>
                </action>
            </actions>
        </event-block>
        <event-block sid="285562346567084">
            <conditions>
                <condition id="0" name="On collision with another object" sid="953017001105799" type="player">
                    <param id="0" name="Object">Magnet</param>
                </condition>
            </conditions>
            <actions>
                <action id="-15" name="Set visible" sid="668397632543311" type="Sprite17">
                    <param id="0" name="Visibility">1</param>
                </action>
                <action id="-16" name="Wait" sid="665383805208271" type="System">
                    <param id="0" name="Seconds">2</param>
                </action>
                <action id="-15" name="Set visible" sid="226375076093148" type="Sprite17">
                    <param id="0" name="Visibility">0</param>
                </action>
            </actions>
        </event-block>
        <event-block sid="410749357234790">
            <conditions>
                <condition behavior="LineOfSight" id="0" name="Has LOS to object" sid="362455930682275" type="Sprite18">
                    <param id="0" name="Object">player</param>
                </condition>
            </conditions>
            <actions>
                <action id="-1" name="Set X" sid="650687523192021" type="Sprite18">
                    <param id="0" name="X">Self.X + 5</param>
                </action>
                <action id="4" name="Set animation" sid="898081949864206" type="Sprite18">
                    <param id="0" name="Animation">&quot;v_andando&quot;</param>
                    <param id="1" name="From">1</param>
                </action>
            </actions>
        </event-block>
    </events>
</c2eventsheet>
